<?xml version="1.0" encoding="UTF-8"?>
<project-private xmlns="http://www.netbeans.org/ns/project-private/1">
    <editor-bookmarks xmlns="http://www.netbeans.org/ns/editor-bookmarks/2" lastBookmarkId="0"/>
    <open-files xmlns="http://www.netbeans.org/ns/projectui-open-files/2">
        <group>
            <file>file:/D:/0617123016/day6/src/praktikum/vehicle.java</file>
            <file>file:/D:/0617123016/day6/src/praktikum/encapsul/Main.java</file>
            <file>file:/D:/0617123016/day6/src/praktikum/Car.java</file>
            <file>file:/D:/0617123016/day6/src/praktikum/encapsul/Mahasiswa.java</file>
            <file>file:/D:/0617123016/day6/src/praktikum/Main.java</file>
        </group>
    </open-files>
</project-private>
